[
  {
    "codigo": "GEMICRO-UFSJ-0000001",
    "nome": "⁠Kamylly Victória Freitas de Castro"
  },
  {
    "codigo": "GEMICRO-UFSJ-0000002",
    "nome": "⁠Amanda Rodrigues de Araújo Silva"
  },
  {
    "codigo": "GEMICRO-UFSJ-0000003",
    "nome": "Bianca Resende Santos"
  },
  {
    "codigo": "GEMICRO-UFSJ-0000004",
    "nome": "⁠Vitória Gabriella Messias Borba de Oliveira"
  },
  {
    "codigo": "GEMICRO-UFSJ-0000005",
    "nome": "Paula Evangelista Moreira"
  },
  {
    "codigo": "GEMICRO-UFSJ-0000006",
    "nome": "Pedro Henrique Guedes Gonçalves"
  }
]